<?xml version="1.0" encoding="UTF-8" ?>
<!DOCTYPE mapper PUBLIC "-//mybatis.org//DTD Mapper 3.0//EN" "http://mybatis.org/dtd/mybatis-3-mapper.dtd" >
<mapper namespace="com.kiritooa.mapper.CommentMapper" >
  <resultMap id="BaseResultMap" type="com.kiritooa.pojo.Comment" >
    <id column="id" property="id" jdbcType="INTEGER" />
    <result column="pid" property="pid" jdbcType="INTEGER" />
    <result column="uid" property="uid" jdbcType="INTEGER" />
    <result column="otid" property="otid" jdbcType="INTEGER" />
    <result column="content" property="content" jdbcType="VARCHAR" />
    <result column="createDate" property="createdate" jdbcType="TIMESTAMP" />
  </resultMap>
  <sql id="Example_Where_Clause" >
    <where >
      <foreach collection="oredCriteria" item="criteria" separator="or" >
        <if test="criteria.valid" >
          <trim prefix="(" suffix=")" prefixOverrides="and" >
            <foreach collection="criteria.criteria" item="criterion" >
              <choose >
                <when test="criterion.noValue" >
                  and ${criterion.condition}
                </when>
                <when test="criterion.singleValue" >
                  and ${criterion.condition} #{criterion.value}
                </when>
                <when test="criterion.betweenValue" >
                  and ${criterion.condition} #{criterion.value} and #{criterion.secondValue}
                </when>
                <when test="criterion.listValue" >
                  and ${criterion.condition}
                  <foreach collection="criterion.value" item="listItem" open="(" close=")" separator="," >
                    #{listItem}
                  </foreach>
                </when>
              </choose>
            </foreach>
          </trim>
        </if>
      </foreach>
    </where>
  </sql>
  <sql id="Update_By_Example_Where_Clause" >
    <where >
      <foreach collection="example.oredCriteria" item="criteria" separator="or" >
        <if test="criteria.valid" >
          <trim prefix="(" suffix=")" prefixOverrides="and" >
            <foreach collection="criteria.criteria" item="criterion" >
              <choose >
                <when test="criterion.noValue" >
                  and ${criterion.condition}
                </when>
                <when test="criterion.singleValue" >
                  and ${criterion.condition} #{criterion.value}
                </when>
                <when test="criterion.betweenValue" >
                  and ${criterion.condition} #{criterion.value} and #{criterion.secondValue}
                </when>
                <when test="criterion.listValue" >
                  and ${criterion.condition}
                  <foreach collection="criterion.value" item="listItem" open="(" close=")" separator="," >
                    #{listItem}
                  </foreach>
                </when>
              </choose>
            </foreach>
          </trim>
        </if>
      </foreach>
    </where>
  </sql>
  <sql id="Base_Column_List" >
    id, pid, uid, otid, content, createDate
  </sql>
  <select id="selectByExample" resultMap="BaseResultMap" parameterType="com.kiritooa.pojo.CommentExample" >
    select
    <if test="distinct" >
      distinct
    </if>
    <include refid="Base_Column_List" />
    from comment
    <if test="_parameter != null" >
      <include refid="Example_Where_Clause" />
    </if>
    <if test="orderByClause != null" >
      order by ${orderByClause}
    </if>
  </select>
  <select id="selectByPrimaryKey" resultMap="BaseResultMap" parameterType="java.lang.Integer" >
    select 
    <include refid="Base_Column_List" />
    from comment
    where id = #{id,jdbcType=INTEGER}
  </select>
  <delete id="deleteByPrimaryKey" parameterType="java.lang.Integer" >
    delete from comment
    where id = #{id,jdbcType=INTEGER}
  </delete>
  <delete id="deleteByExample" parameterType="com.kiritooa.pojo.CommentExample" >
    delete from comment
    <if test="_parameter != null" >
      <include refid="Example_Where_Clause" />
    </if>
  </delete>
  <insert id="insert" parameterType="com.kiritooa.pojo.Comment" >
    insert into comment (id, pid, uid, 
      otid, content, createDate
      )
    values (#{id,jdbcType=INTEGER}, #{pid,jdbcType=INTEGER}, #{uid,jdbcType=INTEGER}, 
      #{otid,jdbcType=INTEGER}, #{content,jdbcType=VARCHAR}, #{createdate,jdbcType=TIMESTAMP}
      )
  </insert>
  <insert id="insertSelective" parameterType="com.kiritooa.pojo.Comment" >
    insert into comment
    <trim prefix="(" suffix=")" suffixOverrides="," >
      <if test="id != null" >
        id,
      </if>
      <if test="pid != null" >
        pid,
      </if>
      <if test="uid != null" >
        uid,
      </if>
      <if test="otid != null" >
        otid,
      </if>
      <if test="content != null" >
        content,
      </if>
      <if test="createdate != null" >
        createDate,
      </if>
    </trim>
    <trim prefix="values (" suffix=")" suffixOverrides="," >
      <if test="id != null" >
        #{id,jdbcType=INTEGER},
      </if>
      <if test="pid != null" >
        #{pid,jdbcType=INTEGER},
      </if>
      <if test="uid != null" >
        #{uid,jdbcType=INTEGER},
      </if>
      <if test="otid != null" >
        #{otid,jdbcType=INTEGER},
      </if>
      <if test="content != null" >
        #{content,jdbcType=VARCHAR},
      </if>
      <if test="createdate != null" >
        #{createdate,jdbcType=TIMESTAMP},
      </if>
    </trim>
  </insert>
  <select id="countByExample" parameterType="com.kiritooa.pojo.CommentExample" resultType="java.lang.Integer" >
    select count(*) from comment
    <if test="_parameter != null" >
      <include refid="Example_Where_Clause" />
    </if>
  </select>
  <update id="updateByExampleSelective" parameterType="map" >
    update comment
    <set >
      <if test="record.id != null" >
        id = #{record.id,jdbcType=INTEGER},
      </if>
      <if test="record.pid != null" >
        pid = #{record.pid,jdbcType=INTEGER},
      </if>
      <if test="record.uid != null" >
        uid = #{record.uid,jdbcType=INTEGER},
      </if>
      <if test="record.otid != null" >
        otid = #{record.otid,jdbcType=INTEGER},
      </if>
      <if test="record.content != null" >
        content = #{record.content,jdbcType=VARCHAR},
      </if>
      <if test="record.createdate != null" >
        createDate = #{record.createdate,jdbcType=TIMESTAMP},
      </if>
    </set>
    <if test="_parameter != null" >
      <include refid="Update_By_Example_Where_Clause" />
    </if>
  </update>
  <update id="updateByExample" parameterType="map" >
    update comment
    set id = #{record.id,jdbcType=INTEGER},
      pid = #{record.pid,jdbcType=INTEGER},
      uid = #{record.uid,jdbcType=INTEGER},
      otid = #{record.otid,jdbcType=INTEGER},
      content = #{record.content,jdbcType=VARCHAR},
      createDate = #{record.createdate,jdbcType=TIMESTAMP}
    <if test="_parameter != null" >
      <include refid="Update_By_Example_Where_Clause" />
    </if>
  </update>
  <update id="updateByPrimaryKeySelective" parameterType="com.kiritooa.pojo.Comment" >
    update comment
    <set >
      <if test="pid != null" >
        pid = #{pid,jdbcType=INTEGER},
      </if>
      <if test="uid != null" >
        uid = #{uid,jdbcType=INTEGER},
      </if>
      <if test="otid != null" >
        otid = #{otid,jdbcType=INTEGER},
      </if>
      <if test="content != null" >
        content = #{content,jdbcType=VARCHAR},
      </if>
      <if test="createdate != null" >
        createDate = #{createdate,jdbcType=TIMESTAMP},
      </if>
    </set>
    where id = #{id,jdbcType=INTEGER}
  </update>
  <update id="updateByPrimaryKey" parameterType="com.kiritooa.pojo.Comment" >
    update comment
    set pid = #{pid,jdbcType=INTEGER},
      uid = #{uid,jdbcType=INTEGER},
      otid = #{otid,jdbcType=INTEGER},
      content = #{content,jdbcType=VARCHAR},
      createDate = #{createdate,jdbcType=TIMESTAMP}
    where id = #{id,jdbcType=INTEGER}
  </update>
</mapper>