<?xml version="1.0" encoding="UTF-8" ?>
<!DOCTYPE mapper PUBLIC "-//mybatis.org//DTD Mapper 3.0//EN" "http://mybatis.org/dtd/mybatis-3-mapper.dtd" >
<mapper namespace="com.kiritooa.mapper.OrderMapper" >
  <resultMap id="BaseResultMap" type="com.kiritooa.pojo.Order" >
    <id column="id" property="id" jdbcType="INTEGER" />
    <result column="uid" property="uid" jdbcType="INTEGER" />
    <result column="orderCode" property="ordercode" jdbcType="VARCHAR" />
    <result column="sum" property="sum" jdbcType="DOUBLE" />
    <result column="totalNumber" property="totalnumber" jdbcType="INTEGER" />
    <result column="address" property="address" jdbcType="VARCHAR" />
    <result column="post" property="post" jdbcType="VARCHAR" />
    <result column="receiver" property="receiver" jdbcType="VARCHAR" />
    <result column="mobile" property="mobile" jdbcType="VARCHAR" />
    <result column="userMessage" property="usermessage" jdbcType="VARCHAR" />
    <result column="createDate" property="createdate" jdbcType="TIMESTAMP" />
    <result column="payDate" property="paydate" jdbcType="TIMESTAMP" />
    <result column="deliverDate" property="deliverdate" jdbcType="TIMESTAMP" />
    <result column="confirmDate" property="confirmdate" jdbcType="TIMESTAMP" />
    <result column="status" property="status" jdbcType="VARCHAR" />
  </resultMap>
  <sql id="Example_Where_Clause" >
    <where >
      <foreach collection="oredCriteria" item="criteria" separator="or" >
        <if test="criteria.valid" >
          <trim prefix="(" suffix=")" prefixOverrides="and" >
            <foreach collection="criteria.criteria" item="criterion" >
              <choose >
                <when test="criterion.noValue" >
                  and ${criterion.condition}
                </when>
                <when test="criterion.singleValue" >
                  and ${criterion.condition} #{criterion.value}
                </when>
                <when test="criterion.betweenValue" >
                  and ${criterion.condition} #{criterion.value} and #{criterion.secondValue}
                </when>
                <when test="criterion.listValue" >
                  and ${criterion.condition}
                  <foreach collection="criterion.value" item="listItem" open="(" close=")" separator="," >
                    #{listItem}
                  </foreach>
                </when>
              </choose>
            </foreach>
          </trim>
        </if>
      </foreach>
    </where>
  </sql>
  <sql id="Update_By_Example_Where_Clause" >
    <where >
      <foreach collection="example.oredCriteria" item="criteria" separator="or" >
        <if test="criteria.valid" >
          <trim prefix="(" suffix=")" prefixOverrides="and" >
            <foreach collection="criteria.criteria" item="criterion" >
              <choose >
                <when test="criterion.noValue" >
                  and ${criterion.condition}
                </when>
                <when test="criterion.singleValue" >
                  and ${criterion.condition} #{criterion.value}
                </when>
                <when test="criterion.betweenValue" >
                  and ${criterion.condition} #{criterion.value} and #{criterion.secondValue}
                </when>
                <when test="criterion.listValue" >
                  and ${criterion.condition}
                  <foreach collection="criterion.value" item="listItem" open="(" close=")" separator="," >
                    #{listItem}
                  </foreach>
                </when>
              </choose>
            </foreach>
          </trim>
        </if>
      </foreach>
    </where>
  </sql>
  <sql id="Base_Column_List" >
    id, uid, orderCode, sum, totalNumber, address, post, receiver, mobile, userMessage, 
    createDate, payDate, deliverDate, confirmDate, status
  </sql>
  <select id="selectByExample" resultMap="BaseResultMap" parameterType="com.kiritooa.pojo.OrderExample" >
    select
    <if test="distinct" >
      distinct
    </if>
    <include refid="Base_Column_List" />
    from `order`
    <if test="_parameter != null" >
      <include refid="Example_Where_Clause" />
    </if>
    <if test="orderByClause != null" >
      order by ${orderByClause}
    </if>
  </select>
  <select id="selectByPrimaryKey" resultMap="BaseResultMap" parameterType="java.lang.Integer" >
    select 
    <include refid="Base_Column_List" />
    from `order`
    where id = #{id,jdbcType=INTEGER}
  </select>
  <delete id="deleteByPrimaryKey" parameterType="java.lang.Integer" >
    delete from order
    where id = #{id,jdbcType=INTEGER}
  </delete>
  <delete id="deleteByExample" parameterType="com.kiritooa.pojo.OrderExample" >
    delete from order
    <if test="_parameter != null" >
      <include refid="Example_Where_Clause" />
    </if>
  </delete>
  <insert id="insert" parameterType="com.kiritooa.pojo.Order" >
    insert into `order` (id, uid, orderCode, 
      sum, totalNumber, address, 
      post, receiver, mobile, 
      userMessage, createDate, payDate, 
      deliverDate, confirmDate, status
      )
    values (#{id,jdbcType=INTEGER}, #{uid,jdbcType=INTEGER}, #{ordercode,jdbcType=VARCHAR}, 
      #{sum,jdbcType=DOUBLE}, #{totalnumber,jdbcType=INTEGER}, #{address,jdbcType=VARCHAR}, 
      #{post,jdbcType=VARCHAR}, #{receiver,jdbcType=VARCHAR}, #{mobile,jdbcType=VARCHAR}, 
      #{usermessage,jdbcType=VARCHAR}, #{createdate,jdbcType=TIMESTAMP}, #{paydate,jdbcType=TIMESTAMP}, 
      #{deliverdate,jdbcType=TIMESTAMP}, #{confirmdate,jdbcType=TIMESTAMP}, #{status,jdbcType=VARCHAR}
      )
  </insert>
  <insert id="insertSelective" parameterType="com.kiritooa.pojo.Order" >
    insert into `order`
    <trim prefix="(" suffix=")" suffixOverrides="," >
      <if test="id != null" >
        id,
      </if>
      <if test="uid != null" >
        uid,
      </if>
      <if test="ordercode != null" >
        orderCode,
      </if>
      <if test="sum != null" >
        sum,
      </if>
      <if test="totalnumber != null" >
        totalNumber,
      </if>
      <if test="address != null" >
        address,
      </if>
      <if test="post != null" >
        post,
      </if>
      <if test="receiver != null" >
        receiver,
      </if>
      <if test="mobile != null" >
        mobile,
      </if>
      <if test="usermessage != null" >
        userMessage,
      </if>
      <if test="createdate != null" >
        createDate,
      </if>
      <if test="paydate != null" >
        payDate,
      </if>
      <if test="deliverdate != null" >
        deliverDate,
      </if>
      <if test="confirmdate != null" >
        confirmDate,
      </if>
      <if test="status != null" >
        status,
      </if>
    </trim>
    <trim prefix="values (" suffix=")" suffixOverrides="," >
      <if test="id != null" >
        #{id,jdbcType=INTEGER},
      </if>
      <if test="uid != null" >
        #{uid,jdbcType=INTEGER},
      </if>
      <if test="ordercode != null" >
        #{ordercode,jdbcType=VARCHAR},
      </if>
      <if test="sum != null" >
        #{sum,jdbcType=DOUBLE},
      </if>
      <if test="totalnumber != null" >
        #{totalnumber,jdbcType=INTEGER},
      </if>
      <if test="address != null" >
        #{address,jdbcType=VARCHAR},
      </if>
      <if test="post != null" >
        #{post,jdbcType=VARCHAR},
      </if>
      <if test="receiver != null" >
        #{receiver,jdbcType=VARCHAR},
      </if>
      <if test="mobile != null" >
        #{mobile,jdbcType=VARCHAR},
      </if>
      <if test="usermessage != null" >
        #{usermessage,jdbcType=VARCHAR},
      </if>
      <if test="createdate != null" >
        #{createdate,jdbcType=TIMESTAMP},
      </if>
      <if test="paydate != null" >
        #{paydate,jdbcType=TIMESTAMP},
      </if>
      <if test="deliverdate != null" >
        #{deliverdate,jdbcType=TIMESTAMP},
      </if>
      <if test="confirmdate != null" >
        #{confirmdate,jdbcType=TIMESTAMP},
      </if>
      <if test="status != null" >
        #{status,jdbcType=VARCHAR},
      </if>
    </trim>
  </insert>
  <select id="countByExample" parameterType="com.kiritooa.pojo.OrderExample" resultType="java.lang.Integer" >
    select count(*) from order
    <if test="_parameter != null" >
      <include refid="Example_Where_Clause" />
    </if>
  </select>
  <update id="updateByExampleSelective" parameterType="map" >
    update `order`
    <set >
      <if test="record.id != null" >
        id = #{record.id,jdbcType=INTEGER},
      </if>
      <if test="record.uid != null" >
        uid = #{record.uid,jdbcType=INTEGER},
      </if>
      <if test="record.ordercode != null" >
        orderCode = #{record.ordercode,jdbcType=VARCHAR},
      </if>
      <if test="record.sum != null" >
        sum = #{record.sum,jdbcType=DOUBLE},
      </if>
      <if test="record.totalnumber != null" >
        totalNumber = #{record.totalnumber,jdbcType=INTEGER},
      </if>
      <if test="record.address != null" >
        address = #{record.address,jdbcType=VARCHAR},
      </if>
      <if test="record.post != null" >
        post = #{record.post,jdbcType=VARCHAR},
      </if>
      <if test="record.receiver != null" >
        receiver = #{record.receiver,jdbcType=VARCHAR},
      </if>
      <if test="record.mobile != null" >
        mobile = #{record.mobile,jdbcType=VARCHAR},
      </if>
      <if test="record.usermessage != null" >
        userMessage = #{record.usermessage,jdbcType=VARCHAR},
      </if>
      <if test="record.createdate != null" >
        createDate = #{record.createdate,jdbcType=TIMESTAMP},
      </if>
      <if test="record.paydate != null" >
        payDate = #{record.paydate,jdbcType=TIMESTAMP},
      </if>
      <if test="record.deliverdate != null" >
        deliverDate = #{record.deliverdate,jdbcType=TIMESTAMP},
      </if>
      <if test="record.confirmdate != null" >
        confirmDate = #{record.confirmdate,jdbcType=TIMESTAMP},
      </if>
      <if test="record.status != null" >
        status = #{record.status,jdbcType=VARCHAR},
      </if>
    </set>
    <if test="_parameter != null" >
      <include refid="Update_By_Example_Where_Clause" />
    </if>
  </update>
  <update id="updateByExample" parameterType="map" >
    update `order`
    set id = #{record.id,jdbcType=INTEGER},
      uid = #{record.uid,jdbcType=INTEGER},
      orderCode = #{record.ordercode,jdbcType=VARCHAR},
      sum = #{record.sum,jdbcType=DOUBLE},
      totalNumber = #{record.totalnumber,jdbcType=INTEGER},
      address = #{record.address,jdbcType=VARCHAR},
      post = #{record.post,jdbcType=VARCHAR},
      receiver = #{record.receiver,jdbcType=VARCHAR},
      mobile = #{record.mobile,jdbcType=VARCHAR},
      userMessage = #{record.usermessage,jdbcType=VARCHAR},
      createDate = #{record.createdate,jdbcType=TIMESTAMP},
      payDate = #{record.paydate,jdbcType=TIMESTAMP},
      deliverDate = #{record.deliverdate,jdbcType=TIMESTAMP},
      confirmDate = #{record.confirmdate,jdbcType=TIMESTAMP},
      status = #{record.status,jdbcType=VARCHAR}
    <if test="_parameter != null" >
      <include refid="Update_By_Example_Where_Clause" />
    </if>
  </update>
  <update id="updateByPrimaryKeySelective" parameterType="com.kiritooa.pojo.Order" >
    update `order`
    <set >
      <if test="uid != null" >
        uid = #{uid,jdbcType=INTEGER},
      </if>
      <if test="ordercode != null" >
        orderCode = #{ordercode,jdbcType=VARCHAR},
      </if>
      <if test="sum != null" >
        sum = #{sum,jdbcType=DOUBLE},
      </if>
      <if test="totalnumber != null" >
        totalNumber = #{totalnumber,jdbcType=INTEGER},
      </if>
      <if test="address != null" >
        address = #{address,jdbcType=VARCHAR},
      </if>
      <if test="post != null" >
        post = #{post,jdbcType=VARCHAR},
      </if>
      <if test="receiver != null" >
        receiver = #{receiver,jdbcType=VARCHAR},
      </if>
      <if test="mobile != null" >
        mobile = #{mobile,jdbcType=VARCHAR},
      </if>
      <if test="usermessage != null" >
        userMessage = #{usermessage,jdbcType=VARCHAR},
      </if>
      <if test="createdate != null" >
        createDate = #{createdate,jdbcType=TIMESTAMP},
      </if>
      <if test="paydate != null" >
        payDate = #{paydate,jdbcType=TIMESTAMP},
      </if>
      <if test="deliverdate != null" >
        deliverDate = #{deliverdate,jdbcType=TIMESTAMP},
      </if>
      <if test="confirmdate != null" >
        confirmDate = #{confirmdate,jdbcType=TIMESTAMP},
      </if>
      <if test="status != null" >
        status = #{status,jdbcType=VARCHAR},
      </if>
    </set>
    where id = #{id,jdbcType=INTEGER}
  </update>
  <update id="updateByPrimaryKey" parameterType="com.kiritooa.pojo.Order" >
    update `order`
    set uid = #{uid,jdbcType=INTEGER},
      orderCode = #{ordercode,jdbcType=VARCHAR},
      sum = #{sum,jdbcType=DOUBLE},
      totalNumber = #{totalnumber,jdbcType=INTEGER},
      address = #{address,jdbcType=VARCHAR},
      post = #{post,jdbcType=VARCHAR},
      receiver = #{receiver,jdbcType=VARCHAR},
      mobile = #{mobile,jdbcType=VARCHAR},
      userMessage = #{usermessage,jdbcType=VARCHAR},
      createDate = #{createdate,jdbcType=TIMESTAMP},
      payDate = #{paydate,jdbcType=TIMESTAMP},
      deliverDate = #{deliverdate,jdbcType=TIMESTAMP},
      confirmDate = #{confirmdate,jdbcType=TIMESTAMP},
      status = #{status,jdbcType=VARCHAR}
    where id = #{id,jdbcType=INTEGER}
  </update>
  <select id="selectAll" resultType="com.kiritooa.pojo.Order">
  	select * from `order`
  </select>
</mapper>