<?xml version="1.0" encoding="UTF-8" ?>
<!DOCTYPE mapper PUBLIC "-//mybatis.org//DTD Mapper 3.0//EN" "http://mybatis.org/dtd/mybatis-3-mapper.dtd" >
<mapper namespace="com.kiritooa.mapper.OrderitemMapper" >
  <resultMap id="BaseResultMap" type="com.kiritooa.pojo.Orderitem" >
    <id column="id" property="id" jdbcType="INTEGER" />
    <result column="oid" property="oid" jdbcType="INTEGER" />
    <result column="pid" property="pid" jdbcType="INTEGER" />
    <result column="number" property="number" jdbcType="INTEGER" />
    <result column="sum" property="sum" jdbcType="DOUBLE" />
  </resultMap>
  <sql id="Example_Where_Clause" >
    <where >
      <foreach collection="oredCriteria" item="criteria" separator="or" >
        <if test="criteria.valid" >
          <trim prefix="(" suffix=")" prefixOverrides="and" >
            <foreach collection="criteria.criteria" item="criterion" >
              <choose >
                <when test="criterion.noValue" >
                  and ${criterion.condition}
                </when>
                <when test="criterion.singleValue" >
                  and ${criterion.condition} #{criterion.value}
                </when>
                <when test="criterion.betweenValue" >
                  and ${criterion.condition} #{criterion.value} and #{criterion.secondValue}
                </when>
                <when test="criterion.listValue" >
                  and ${criterion.condition}
                  <foreach collection="criterion.value" item="listItem" open="(" close=")" separator="," >
                    #{listItem}
                  </foreach>
                </when>
              </choose>
            </foreach>
          </trim>
        </if>
      </foreach>
    </where>
  </sql>
  <sql id="Update_By_Example_Where_Clause" >
    <where >
      <foreach collection="example.oredCriteria" item="criteria" separator="or" >
        <if test="criteria.valid" >
          <trim prefix="(" suffix=")" prefixOverrides="and" >
            <foreach collection="criteria.criteria" item="criterion" >
              <choose >
                <when test="criterion.noValue" >
                  and ${criterion.condition}
                </when>
                <when test="criterion.singleValue" >
                  and ${criterion.condition} #{criterion.value}
                </when>
                <when test="criterion.betweenValue" >
                  and ${criterion.condition} #{criterion.value} and #{criterion.secondValue}
                </when>
                <when test="criterion.listValue" >
                  and ${criterion.condition}
                  <foreach collection="criterion.value" item="listItem" open="(" close=")" separator="," >
                    #{listItem}
                  </foreach>
                </when>
              </choose>
            </foreach>
          </trim>
        </if>
      </foreach>
    </where>
  </sql>
  <sql id="Base_Column_List" >
    id, oid, pid, number, sum
  </sql>
  <select id="selectByExample" resultMap="BaseResultMap" parameterType="com.kiritooa.pojo.OrderitemExample" >
    select
    <if test="distinct" >
      distinct
    </if>
    <include refid="Base_Column_List" />
    from orderitem
    <if test="_parameter != null" >
      <include refid="Example_Where_Clause" />
    </if>
    <if test="orderByClause != null" >
      order by ${orderByClause}
    </if>
  </select>
  <select id="selectByPrimaryKey" resultMap="BaseResultMap" parameterType="java.lang.Integer" >
    select 
    <include refid="Base_Column_List" />
    from orderitem
    where id = #{id,jdbcType=INTEGER}
  </select>
  <delete id="deleteByPrimaryKey" parameterType="java.lang.Integer" >
    delete from orderitem
    where id = #{id,jdbcType=INTEGER}
  </delete>
  <delete id="deleteByExample" parameterType="com.kiritooa.pojo.OrderitemExample" >
    delete from orderitem
    <if test="_parameter != null" >
      <include refid="Example_Where_Clause" />
    </if>
  </delete>
  <insert id="insert" parameterType="com.kiritooa.pojo.Orderitem" >
    insert into orderitem (id, oid, pid, 
      number, sum)
    values (#{id,jdbcType=INTEGER}, #{oid,jdbcType=INTEGER}, #{pid,jdbcType=INTEGER}, 
      #{number,jdbcType=INTEGER}, #{sum,jdbcType=DOUBLE})
  </insert>
  <insert id="insertSelective" parameterType="com.kiritooa.pojo.Orderitem" >
    insert into orderitem
    <trim prefix="(" suffix=")" suffixOverrides="," >
      <if test="id != null" >
        id,
      </if>
      <if test="oid != null" >
        oid,
      </if>
      <if test="pid != null" >
        pid,
      </if>
      <if test="number != null" >
        number,
      </if>
      <if test="sum != null" >
        sum,
      </if>
    </trim>
    <trim prefix="values (" suffix=")" suffixOverrides="," >
      <if test="id != null" >
        #{id,jdbcType=INTEGER},
      </if>
      <if test="oid != null" >
        #{oid,jdbcType=INTEGER},
      </if>
      <if test="pid != null" >
        #{pid,jdbcType=INTEGER},
      </if>
      <if test="number != null" >
        #{number,jdbcType=INTEGER},
      </if>
      <if test="sum != null" >
        #{sum,jdbcType=DOUBLE},
      </if>
    </trim>
  </insert>
  <select id="countByExample" parameterType="com.kiritooa.pojo.OrderitemExample" resultType="java.lang.Integer" >
    select count(*) from orderitem
    <if test="_parameter != null" >
      <include refid="Example_Where_Clause" />
    </if>
  </select>
  <update id="updateByExampleSelective" parameterType="map" >
    update orderitem
    <set >
      <if test="record.id != null" >
        id = #{record.id,jdbcType=INTEGER},
      </if>
      <if test="record.oid != null" >
        oid = #{record.oid,jdbcType=INTEGER},
      </if>
      <if test="record.pid != null" >
        pid = #{record.pid,jdbcType=INTEGER},
      </if>
      <if test="record.number != null" >
        number = #{record.number,jdbcType=INTEGER},
      </if>
      <if test="record.sum != null" >
        sum = #{record.sum,jdbcType=DOUBLE},
      </if>
    </set>
    <if test="_parameter != null" >
      <include refid="Update_By_Example_Where_Clause" />
    </if>
  </update>
  <update id="updateByExample" parameterType="map" >
    update orderitem
    set id = #{record.id,jdbcType=INTEGER},
      oid = #{record.oid,jdbcType=INTEGER},
      pid = #{record.pid,jdbcType=INTEGER},
      number = #{record.number,jdbcType=INTEGER},
      sum = #{record.sum,jdbcType=DOUBLE}
    <if test="_parameter != null" >
      <include refid="Update_By_Example_Where_Clause" />
    </if>
  </update>
  <update id="updateByPrimaryKeySelective" parameterType="com.kiritooa.pojo.Orderitem" >
    update orderitem
    <set >
      <if test="oid != null" >
        oid = #{oid,jdbcType=INTEGER},
      </if>
      <if test="pid != null" >
        pid = #{pid,jdbcType=INTEGER},
      </if>
      <if test="number != null" >
        number = #{number,jdbcType=INTEGER},
      </if>
      <if test="sum != null" >
        sum = #{sum,jdbcType=DOUBLE},
      </if>
    </set>
    where id = #{id,jdbcType=INTEGER}
  </update>
  <update id="updateByPrimaryKey" parameterType="com.kiritooa.pojo.Orderitem" >
    update orderitem
    set oid = #{oid,jdbcType=INTEGER},
      pid = #{pid,jdbcType=INTEGER},
      number = #{number,jdbcType=INTEGER},
      sum = #{sum,jdbcType=DOUBLE}
    where id = #{id,jdbcType=INTEGER}
  </update>
  <resultMap type="com.kiritooa.pojo.Orderitem" id="OrderitemAndProduct">
  	<id column="id" property="id"/>
  	<result column="oid" property="oid"/>
  	<result column="pid" property="pid"/>
  	<result column="number" property="number"/>
  	<result column="sum" property="sum"/>
  	<association property="product" javaType="com.kiritooa.pojo.Product">
  		<id column="id" property="id"/>
  		<result column="cid" property="cid"/>
  		<result column="name" property="name"/>
  		<result column="nowprice" property="nowprice"/>
  		<result column="stock" property="stock"/>
  		<result column="createdate" property="createdate"/>
  		<result column="commentcount" property="commentcount"/>
  		<result column="salecount" property="salecount"/>
  		<result column="imge" property="imge"/>
  	</association>
  </resultMap>
  <select id="findOrderitemByoid" parameterType="int" resultMap="OrderitemAndProduct">
  	select * from product,orderitem where product.id = orderitem.pid and orderitem.oid = #{oid}
  </select>
</mapper>