<?xml version="1.0" encoding="UTF-8" ?>
<!DOCTYPE mapper PUBLIC "-//mybatis.org//DTD Mapper 3.0//EN" "http://mybatis.org/dtd/mybatis-3-mapper.dtd" >
<mapper namespace="com.kiritooa.mapper.ProductMapper" >
  <resultMap id="BaseResultMap" type="com.kiritooa.pojo.Product" >
    <id column="id" property="id" jdbcType="INTEGER" />
    <result column="cid" property="cid" jdbcType="INTEGER" />
    <result column="name" property="name" jdbcType="VARCHAR" />
    <result column="nowPrice" property="nowprice" jdbcType="DOUBLE" />
    <result column="stock" property="stock" jdbcType="INTEGER" />
    <result column="createDate" property="createdate" jdbcType="TIMESTAMP" />
    <result column="commentCount" property="commentcount" jdbcType="INTEGER" />
    <result column="saleCount" property="salecount" jdbcType="INTEGER" />
    <result column="imge" property="imge" jdbcType="VARCHAR" />
  </resultMap>
  <sql id="Example_Where_Clause" >
    <where >
      <foreach collection="oredCriteria" item="criteria" separator="or" >
        <if test="criteria.valid" >
          <trim prefix="(" suffix=")" prefixOverrides="and" >
            <foreach collection="criteria.criteria" item="criterion" >
              <choose >
                <when test="criterion.noValue" >
                  and ${criterion.condition}
                </when>
                <when test="criterion.singleValue" >
                  and ${criterion.condition} #{criterion.value}
                </when>
                <when test="criterion.betweenValue" >
                  and ${criterion.condition} #{criterion.value} and #{criterion.secondValue}
                </when>
                <when test="criterion.listValue" >
                  and ${criterion.condition}
                  <foreach collection="criterion.value" item="listItem" open="(" close=")" separator="," >
                    #{listItem}
                  </foreach>
                </when>
              </choose>
            </foreach>
          </trim>
        </if>
      </foreach>
    </where>
  </sql>
  <sql id="Update_By_Example_Where_Clause" >
    <where >
      <foreach collection="example.oredCriteria" item="criteria" separator="or" >
        <if test="criteria.valid" >
          <trim prefix="(" suffix=")" prefixOverrides="and" >
            <foreach collection="criteria.criteria" item="criterion" >
              <choose >
                <when test="criterion.noValue" >
                  and ${criterion.condition}
                </when>
                <when test="criterion.singleValue" >
                  and ${criterion.condition} #{criterion.value}
                </when>
                <when test="criterion.betweenValue" >
                  and ${criterion.condition} #{criterion.value} and #{criterion.secondValue}
                </when>
                <when test="criterion.listValue" >
                  and ${criterion.condition}
                  <foreach collection="criterion.value" item="listItem" open="(" close=")" separator="," >
                    #{listItem}
                  </foreach>
                </when>
              </choose>
            </foreach>
          </trim>
        </if>
      </foreach>
    </where>
  </sql>
  <sql id="Base_Column_List" >
    id, cid, name, nowPrice, stock, createDate, commentCount, saleCount, imge
  </sql>
  <select id="selectByExample" resultMap="BaseResultMap" parameterType="com.kiritooa.pojo.ProductExample" >
    select
    <if test="distinct" >
      distinct
    </if>
    <include refid="Base_Column_List" />
    from product
    <if test="_parameter != null" >
      <include refid="Example_Where_Clause" />
    </if>
    <if test="orderByClause != null" >
      order by ${orderByClause}
    </if>
  </select>
  <select id="selectByPrimaryKey" resultMap="BaseResultMap" parameterType="java.lang.Integer" >
    select 
    <include refid="Base_Column_List" />
    from product
    where id = #{id}
  </select>
  <delete id="deleteByPrimaryKey" parameterType="java.lang.Integer" >
    delete from product
    where id = #{id,jdbcType=INTEGER}
  </delete>
  <delete id="deleteByExample" parameterType="com.kiritooa.pojo.ProductExample" >
    delete from product
    <if test="_parameter != null" >
      <include refid="Example_Where_Clause" />
    </if>
  </delete>
  <insert id="insert" parameterType="com.kiritooa.pojo.Product" >
    insert into product (id, cid, name, 
      nowPrice, stock, createDate, 
      commentCount, saleCount, imge
      )
    values (#{id,jdbcType=INTEGER}, #{cid,jdbcType=INTEGER}, #{name,jdbcType=VARCHAR}, 
      #{nowprice,jdbcType=DOUBLE}, #{stock,jdbcType=INTEGER}, #{createdate,jdbcType=TIMESTAMP}, 
      #{commentcount,jdbcType=INTEGER}, #{salecount,jdbcType=INTEGER}, #{imge,jdbcType=VARCHAR}
      )
  </insert>
  <insert id="insertSelective" parameterType="com.kiritooa.pojo.Product" >
    insert into product
    <trim prefix="(" suffix=")" suffixOverrides="," >
      <if test="id != null" >
        id,
      </if>
      <if test="cid != null" >
        cid,
      </if>
      <if test="name != null" >
        name,
      </if>
      <if test="nowprice != null" >
        nowPrice,
      </if>
      <if test="stock != null" >
        stock,
      </if>
      <if test="createdate != null" >
        createDate,
      </if>
      <if test="commentcount != null" >
        commentCount,
      </if>
      <if test="salecount != null" >
        saleCount,
      </if>
      <if test="imge != null" >
        imge,
      </if>
    </trim>
    <trim prefix="values (" suffix=")" suffixOverrides="," >
      <if test="id != null" >
        #{id,jdbcType=INTEGER},
      </if>
      <if test="cid != null" >
        #{cid,jdbcType=INTEGER},
      </if>
      <if test="name != null" >
        #{name,jdbcType=VARCHAR},
      </if>
      <if test="nowprice != null" >
        #{nowprice,jdbcType=DOUBLE},
      </if>
      <if test="stock != null" >
        #{stock,jdbcType=INTEGER},
      </if>
      <if test="createdate != null" >
        #{createdate,jdbcType=TIMESTAMP},
      </if>
      <if test="commentcount != null" >
        #{commentcount,jdbcType=INTEGER},
      </if>
      <if test="salecount != null" >
        #{salecount,jdbcType=INTEGER},
      </if>
      <if test="imge != null" >
        #{imge,jdbcType=VARCHAR},
      </if>
    </trim>
  </insert>
  <select id="countByExample" parameterType="com.kiritooa.pojo.ProductExample" resultType="java.lang.Integer" >
    select count(*) from product
    <if test="_parameter != null" >
      <include refid="Example_Where_Clause" />
    </if>
  </select>
  <update id="updateByExampleSelective" parameterType="map" >
    update product
    <set >
      <if test="record.id != null" >
        id = #{record.id,jdbcType=INTEGER},
      </if>
      <if test="record.cid != null" >
        cid = #{record.cid,jdbcType=INTEGER},
      </if>
      <if test="record.name != null" >
        name = #{record.name,jdbcType=VARCHAR},
      </if>
      <if test="record.nowprice != null" >
        nowPrice = #{record.nowprice,jdbcType=DOUBLE},
      </if>
      <if test="record.stock != null" >
        stock = #{record.stock,jdbcType=INTEGER},
      </if>
      <if test="record.createdate != null" >
        createDate = #{record.createdate,jdbcType=TIMESTAMP},
      </if>
      <if test="record.commentcount != null" >
        commentCount = #{record.commentcount,jdbcType=INTEGER},
      </if>
      <if test="record.salecount != null" >
        saleCount = #{record.salecount,jdbcType=INTEGER},
      </if>
      <if test="record.imge != null" >
        imge = #{record.imge,jdbcType=VARCHAR},
      </if>
    </set>
    <if test="_parameter != null" >
      <include refid="Update_By_Example_Where_Clause" />
    </if>
  </update>
  <update id="updateByExample" parameterType="map" >
    update product
    set id = #{record.id,jdbcType=INTEGER},
      cid = #{record.cid,jdbcType=INTEGER},
      name = #{record.name,jdbcType=VARCHAR},
      nowPrice = #{record.nowprice,jdbcType=DOUBLE},
      stock = #{record.stock,jdbcType=INTEGER},
      createDate = #{record.createdate,jdbcType=TIMESTAMP},
      commentCount = #{record.commentcount,jdbcType=INTEGER},
      saleCount = #{record.salecount,jdbcType=INTEGER},
      imge = #{record.imge,jdbcType=VARCHAR}
    <if test="_parameter != null" >
      <include refid="Update_By_Example_Where_Clause" />
    </if>
  </update>
  <update id="updateByPrimaryKeySelective" parameterType="com.kiritooa.pojo.Product" >
    update product
    <set >
      <if test="cid != null" >
        cid = #{cid,jdbcType=INTEGER},
      </if>
      <if test="name != null" >
        name = #{name,jdbcType=VARCHAR},
      </if>
      <if test="nowprice != null" >
        nowPrice = #{nowprice,jdbcType=DOUBLE},
      </if>
      <if test="stock != null" >
        stock = #{stock,jdbcType=INTEGER},
      </if>
      <if test="createdate != null" >
        createDate = #{createdate,jdbcType=TIMESTAMP},
      </if>
      <if test="commentcount != null" >
        commentCount = #{commentcount,jdbcType=INTEGER},
      </if>
      <if test="salecount != null" >
        saleCount = #{salecount,jdbcType=INTEGER},
      </if>
      <if test="imge != null" >
        imge = #{imge,jdbcType=VARCHAR},
      </if>
    </set>
    where id = #{id,jdbcType=INTEGER}
  </update>
  <update id="updateByPrimaryKey" parameterType="com.kiritooa.pojo.Product" >
    update product
    set cid = #{cid,jdbcType=INTEGER},
      name = #{name,jdbcType=VARCHAR},
      nowPrice = #{nowprice,jdbcType=DOUBLE},
      stock = #{stock,jdbcType=INTEGER},
      createDate = #{createdate,jdbcType=TIMESTAMP},
      commentCount = #{commentcount,jdbcType=INTEGER},
      saleCount = #{salecount,jdbcType=INTEGER},
      imge = #{imge,jdbcType=VARCHAR}
    where id = #{id,jdbcType=INTEGER}
  </update>
  <select id="selectAll" resultType="com.kiritooa.pojo.Product">
  	select * from product
  </select>
  <select id="selectLikeByName" resultType="com.kiritooa.pojo.Product" parameterType="String">
  	select * from product where name like '%${value}%'
  </select>
   <select id="getProductPirce" resultType="double" parameterType="int">
  	select nowPrice from product where id = #{id}
  </select> 
</mapper>