<?xml version="1.0" encoding="UTF-8"?>
<beans  xmlns="http://www.springframework.org/schema/beans"
        xmlns:xsi="http://www.w3.org/2001/XMLSchema-instance"
        xmlns:aop="http://www.springframework.org/schema/aop"
        xmlns:context="http://www.springframework.org/schema/context"
        xmlns:jee="http://www.springframework.org/schema/jee"
        xmlns:lang="http://www.springframework.org/schema/lang"
        xmlns:util="http://www.springframework.org/schema/util"
        xmlns:tx="http://www.springframework.org/schema/tx"
        xmlns:mvc="http://www.springframework.org/schema/mvc"
        xsi:schemaLocation="http://www.springframework.org/schema/beans

 http://www.springframework.org/schema/beans/spring-beans.xsd
 http://www.springframework.org/schema/aop
 http://www.springframework.org/schema/aop/spring-aop.xsd
 http://www.springframework.org/schema/jee
 http://www.springframework.org/schema/jee/spring-jee.xsd
 http://www.springframework.org/schema/lang
 http://www.springframework.org/schema/lang/spring-lang.xsd
 http://www.springframework.org/schema/context
 http://www.springframework.org/schema/context/spring-context.xsd
 http://www.springframework.org/schema/tx
 http://www.springframework.org/schema/tx/spring-tx.xsd
 http://www.springframework.org/schema/util
 http://www.springframework.org/schema/util/spring-util.xsd
 http://www.springframework.org/schema/mvc
 http://www.springframework.org/schema/mvc/spring-mvc.xsd">


    <!--配置@Service类的包扫描-->
    <context:component-scan base-package="com.kiritooa.service" />
    
    <!--   配置properties  <context:property-placeholder location="jdbc.properties"/> -->


    <!--配置数据源-->
    <bean id="dataSource" class="org.springframework.jdbc.datasource.DriverManagerDataSource">
        <property name="driverClassName" value="com.mysql.jdbc.Driver"></property>
        <property name="url" value="jdbc:mysql://localhost:3306/dog"></property>
        <property name="username" value="root"></property>
        <property name="password" value="root"></property>
    </bean>
   
    

    <!--配置上SqlSessionFactory工厂-->
    <bean id="sqlSession" class="org.mybatis.spring.SqlSessionFactoryBean">
        <!--别名包扫描-->
        <property name="typeAliasesPackage" value="com.kiritooa.pojo" />
        
        <!--设置MyBatis核心配置文件-->
        <property name="mapperLocations" value="classpath:com/kiritooa/mapper/*.xml"/>
    
    	<!--设置数据源-->
        <property name="dataSource" ref="dataSource"/>
    </bean>

    <!--配置Mapper类的扫描-->
    <bean class="org.mybatis.spring.mapper.MapperScannerConfigurer">
        <!-- 注入sqlsessionfactory -->
        <property name="sqlSessionFactoryBeanName" value="sqlSession"/>
        <!-- 给出需要扫描的Dao接口包 -->
        <property name="basePackage" value="com.kiritooa.mapper"/>
    </bean>
    

	<!-- 配置基于注解的声明式事务  默认使用注解来管理事务行为  -->
    <tx:annotation-driven transaction-manager="transactionManager"/>

    <!--事务管理器-->
    <bean id="transactionManager" class="org.springframework.jdbc.datasource.DataSourceTransactionManager">
        <!--数据源-->
        <property name="dataSource" ref="dataSource"></property>
    </bean>

    <!--通知-->
    <tx:advice id="txAdvice" transaction-manager="transactionManager">
 	<tx:attributes>
 		<tx:method name="updatePrice" propagation="REQUIRED"/>
 		<tx:method name="commitOrder" propagation="REQUIRED"/>
 		<tx:method name="payOrder" propagation="REQUIRED"/>
 		<tx:method name="cancelOrder" propagation="REQUIRED"/>
 		<tx:method name="returndeOrder" propagation="REQUIRED"/>
 		<tx:method name="insertComment" propagation="REQUIRED"/>
 	</tx:attributes>
 </tx:advice>
 <aop:config>
 	<aop:pointcut expression="execution(* com.kiritooa.service.*.*(..))" id="myPointCut"/>
 	<aop:advisor advice-ref="txAdvice" pointcut-ref="myPointCut"/>
 </aop:config> 
 
 <!-- 配置转换器 -->
 <bean id="format" class="org.springframework.context.support.ConversionServiceFactoryBean">
 	<property name="converters">
 		<set>
 			<bean class="com.kiritooa.util.CustomDateConverters"></bean>
 		</set>
 	</property>
 </bean>

</beans>