<?xml version="1.0" encoding="UTF-8"?>
<beans xmlns="http://www.springframework.org/schema/beans"
       xmlns:xsi="http://www.w3.org/2001/XMLSchema-instance"
       xmlns:aop="http://www.springframework.org/schema/aop"
       xmlns:tx="http://www.springframework.org/schema/tx"
       xmlns:jdbc="http://www.springframework.org/schema/jdbc"
       xmlns:context="http://www.springframework.org/schema/context"
       xmlns:mvc="http://www.springframework.org/schema/mvc"

       xsi:schemaLocation="http://www.springframework.org/schema/jdbc
       http://www.springframework.org/schema/jdbc/spring-jdbc-3.0.xsd
        http://www.springframework.org/schema/aop
        http://www.springframework.org/schema/aop/spring-aop-3.0.xsd
        http://www.springframework.org/schema/beans
        http://www.springframework.org/schema/beans/spring-beans-3.0.xsd
        http://www.springframework.org/schema/context
        http://www.springframework.org/schema/context/spring-context-3.0.xsd
        http://www.springframework.org/schema/tx
        http://www.springframework.org/schema/tx/spring-tx-3.0.xsd
        http://www.springframework.org/schema/mvc
        http://www.springframework.org/schema/mvc/spring-mvc-3.2.xsd">

	<!-- 配置springMVC -->
	
	<!-- 配置处理器映射器   BeanNameUrlHandlerMapping
	<bean class="org.springframework.web.servlet.handler.BeanNameUrlHandlerMapping"></bean> 
	注解版
	<bean class="org.springframework.web.servlet.mvc.method.annotation.RequestMappingHandlerMapping"/>
	-->
	
	<!-- 配置处理器适配器   SimpleControllerHandlerAdapter
	<bean class="org.springframework.web.servlet.mvc.SimpleControllerHandlerAdapter"></bean>
	<bean class="org.springframework.web.servlet.mvc.HttpRequestHandlerAdapter"></bean>
	注解版
	<bean class="org.springframework.web.servlet.mvc.method.annotation.RequestMappingHandlerAdapter"/>
	-->
	
	
	
	<!-- 适配器集中配置 
	<bean class="org.springframework.web.servlet.mvc.SimpleControllerHandlerAdapter">
	<property name="mappings">
	<props key="asd.action">hello</props>
	</property>
	</bean>  
	hello为controller的<bean id="hello">
	-->
	
	
    <!-- 使用 mvc:annotation-driven代替上边注解映射器和注解适配器配置
    mvc:annotation-driven  默认加载很多的参数绑定方法，
   	 比如json转换解析器就默认加载了，如果使用mvc:annotation-driven
   	 不用配置上边的RequestMappingHandlerMapping和RequestMappingHandlerAdapter
   	 实际开发时使用mvc:annotation-driven  
   	 -->
    <mvc:annotation-driven/>
    
    <mvc:default-servlet-handler />
    
    <!--配置视图解析器-->
    <bean class="org.springframework.web.servlet.view.InternalResourceViewResolver">
    <property name="viewClass" value="org.springframework.web.servlet.view.JstlView"/>
        <!--前缀-->
        <property name="prefix" value="/WEB-INF/jsp/"/>
        <!--后缀-->
        <property name="suffix" value=".jsp"/>
    </bean>

    <!--配置Controller扫描-->
    <context:component-scan base-package="com.kiritooa.controller">
        <context:include-filter type="annotation" expression="org.springframework.stereotype.Controller"/>
    </context:component-scan>


	<!-- aspectJ -->
	<aop:aspectj-autoproxy proxy-target-class="true" />
	
    <!-- 拦截器 -->

    <!-- 配置拦截器 -->
<!--  	<mvc:interceptors>
      	<mvc:interceptor>
          	<mvc:mapping path="/admin/*"/>
          	<bean class="com.kiritooa.util.SecurityInterceptor"/>
     	 </mvc:interceptor>

    </mvc:interceptors>  -->


	<!-- 静态加载 -->
	<mvc:resources location="/webjars/" mapping="/webjars/**"/>



   <bean id="multipartResolver" class="org.springframework.web.multipart.commons.CommonsMultipartResolver">
   <property name="maxUploadSize" value="10240000"></property>
   </bean>

    



</beans>
